Res_id,Res_name,Res_food,Res_address,Res_ratings,Res_votes,Res_reviews,Res_url
1,Nayab Handi,"North Indian, Awadhi, Mughlai, Kebab","Cross Point Mall, DLF Phase 4, Gurgaon",4.6,559,385,https://www.zomato.com/restaurant?tab=order&res_id=18650309
2,Mughal Affair,"North Indian, Mughlai, Biryani, Rolls, Kebab","Sikandarpur, Gurgaon",4.6,311,242,https://www.zomato.com/restaurant?tab=order&res_id=19026851
3,Pashtoon,"North Indian, Mughlai, Afghan","Sushant Shopping Arcade, Sushant Lok, Gurgaon, Gurgaon",4.6,230,164,https://www.zomato.com/restaurant?tab=order&res_id=18818294
4,Wakhra Punjab,"Mughlai, North Indian","Sushant Lok, Gurgaon",4.1,73,77,https://www.zomato.com/restaurant?tab=order&res_id=19059788
5,Makhan Paaji,"North Indian, Mughlai","DLF Phase 1, Gurgaon",4.3,257,181,https://www.zomato.com/restaurant?tab=order&res_id=18805678
6,Alrumi Food Company,"North Indian, Mughlai, Rolls","DLF Phase 4, Gurgaon",4.1,264,173,https://www.zomato.com/restaurant?tab=order&res_id=18682338
7,Magadh And Awadh,"Bihari, Lucknowi, North Indian, Kebab","Sector 29, Gurgaon",4.2,615,395,https://www.zomato.com/restaurant?tab=order&res_id=18273972
8,Chadha Aunty & Sons,"North Indian, Mughlai","DLF Phase 3, Gurgaon",4.2,566,272,https://www.zomato.com/restaurant?tab=order&res_id=18605933
9,Indian Tawa Story,"North Indian, Mughlai","DLF Phase 4, Gurgaon",4.4,62,70,https://www.zomato.com/restaurant?tab=order&res_id=19112857
10,1900 AD- A Kitchen Love Story,"North Indian, Mughlai","Sushant Shopping Arcade, Sushant Lok, Gurgaon, Gurgaon",4.4,102,84,https://www.zomato.com/restaurant?tab=order&res_id=19003658
11,Dilli BC,"North Indian, Mughlai","DLF Phase 4, Gurgaon",4.2,891,727,https://www.zomato.com/restaurant?tab=order&res_id=18621499
12,Thousand Flavors,"North Indian, Mughlai, Biryani, Kebab","Udyog Vihar, Gurgaon",4.2,88,73,https://www.zomato.com/restaurant?tab=order&res_id=19136785
13,Punjabi By Nature,"North Indian, Mughlai, Kebab, Salad","Ambience Mall, DLF Phase 3, Gurgaon",4.1,496,333,https://www.zomato.com/restaurant?tab=order&res_id=18927454
14,Masala To Go,"North Indian, Mughlai","Sector 29, Gurgaon",4.2,154,87,https://www.zomato.com/restaurant?tab=order&res_id=18671520
15,Punjab Grill,"North Indian, Mughlai, Kebab","Ambience Mall, DLF Phase 3, Gurgaon",4.2,3814,2817,https://www.zomato.com/restaurant?tab=order&res_id=2787
16,Nazeer Foods,"North Indian, Mughlai","Sushant Lok, Gurgaon",3.6,59,34,https://www.zomato.com/restaurant?tab=order&res_id=18965586
17,PIND BALLUCHI,"North Indian, Mughlai, Kebab","Sector 29, Gurgaon",3.8,1464,908,https://www.zomato.com/restaurant?tab=order&res_id=836
18,The Tomato Restaurant,"North Indian, Rajasthani, Sandwich","DLF Phase 4, Gurgaon",3.8,152,59,https://www.zomato.com/restaurant?tab=order&res_id=18682157
19,Tunday Kababi Dastarkhwan-e-Awadh,"Mughlai, North Indian","MGF Metropolitan Mall, MG Road, Gurgaon",3.8,278,168,https://www.zomato.com/restaurant?tab=order&res_id=18466924
20,Khan Chacha,"Rolls, Kebab, Mughlai, North Indian","DLF Galleria, DLF Phase 4, Gurgaon",3.7,742,432,https://www.zomato.com/restaurant?tab=order&res_id=300555
21,Lazeez Food,"Mughlai, North Indian","DLF Galleria, DLF Phase 4, Gurgaon",3.8,433,219,https://www.zomato.com/restaurant?tab=order&res_id=1455
22,Kwaliti,"North Indian, Mughlai","DLF Galleria, DLF Phase 4, Gurgaon",3.7,182,99,https://www.zomato.com/restaurant?tab=order&res_id=1664
23,Moti Mahal Delux,"North Indian, Mughlai, Kebab","PVR City Centre Mall, MG Road, Gurgaon",3.7,87,63,https://www.zomato.com/restaurant?tab=order&res_id=18722431
24,Casa Curry,"North Indian, Mughlai, Kebab","Sector 30, Gurgaon",4.0,393,293,https://www.zomato.com/restaurant?tab=order&res_id=18625088
25,Kebabzaade,"Mughlai, North Indian, Kebab","Supermart 1, DLF Phase 4, Gurgaon",4.0,169,101,https://www.zomato.com/restaurant?tab=order&res_id=18472447
26,Dhaba by Eleven Chefs,"North Indian, Mughlai","DLF Phase 4, Gurgaon",3.6,154,131,https://www.zomato.com/restaurant?tab=order&res_id=18582555
27,Karim's,"Mughlai, North Indian, Rolls, Kebab","Global Foyer Mall, Golf Course Road, Gurgaon",3.6,402,272,https://www.zomato.com/restaurant?tab=order&res_id=302880
28,The Empress- A Mughlai Affair,"North Indian, Mughlai","DLF Phase 4, Gurgaon",3.8,605,539,https://www.zomato.com/restaurant?tab=order&res_id=18535616
29,The Masala Chapter,"North Indian, Mughlai, Kebab, Rolls","DLF Phase 1, Gurgaon",4.0,37,34,https://www.zomato.com/restaurant?tab=order&res_id=19123511
30,Wah! Amritsar,"North Indian, Mughlai","Supermart 2, DLF Phase 4, Gurgaon",4.0,414,279,https://www.zomato.com/restaurant?tab=order&res_id=303100
31,Rule The Rolls,"North Indian, Mughlai, Rolls","DLF Galleria, DLF Phase 4, Gurgaon",3.9,132,72,https://www.zomato.com/restaurant?tab=order&res_id=18491832
32,Chacha's Take Away Restaurant,"North Indian, Mughlai","Qutab Plaza, DLF Phase 1, Gurgaon",3.7,165,98,https://www.zomato.com/restaurant?tab=order&res_id=2820
33,Colonel's Kababz,"North Indian, Mughlai","Qutab Plaza, DLF Phase 1, Gurgaon",3.6,115,66,https://www.zomato.com/restaurant?tab=order&res_id=308732
34,Al Qureshi's,"Mughlai, North Indian","DLF Phase 4, Gurgaon",3.7,32,9,https://www.zomato.com/restaurant?tab=order&res_id=18877441
35,Country Curries,"North Indian, Mughlai, Biryani","DLF Phase 4, Gurgaon",3.6,12,12,https://www.zomato.com/restaurant?tab=order&res_id=19145475
36,New Nawazish Biryani Centre,"North Indian, Mughlai","Udyog Vihar, Gurgaon",3.5,71,17,https://www.zomato.com/restaurant?tab=order&res_id=303892
37,Angrezi Masala,"North Indian, Mughlai","DLF Phase 4, Gurgaon",3.4,14,11,https://www.zomato.com/restaurant?tab=order&res_id=19067435
38,The Chef Baaz Club,"North Indian, Mughlai","MG Road, Gurgaon",3.5,21,25,https://www.zomato.com/restaurant?tab=order&res_id=19204069
39,Khayali Pulao Express,"North Indian, Mughlai","Sector 23, Gurgaon",3.1,8,4,https://www.zomato.com/restaurant?tab=order&res_id=18980387
40,Moets Curry Leaf,"North Indian, Mughlai","DLF Phase 2, Gurgaon",3.4,19,12,https://www.zomato.com/restaurant?tab=order&res_id=18750724
41,Al Kabab,"North Indian, Mughlai","MGF Metropolitan Mall, MG Road, Gurgaon",3.5,95,55,https://www.zomato.com/restaurant?tab=order&res_id=2064
42,Mughal Sarai,"Mughlai, North Indian","MG Road, Gurgaon",3.5,31,20,https://www.zomato.com/restaurant?tab=order&res_id=18538730
43,YumYumSouth,"North Indian, Mughlai","Udyog Vihar, Gurgaon",3.1,136,108,https://www.zomato.com/restaurant?tab=order&res_id=18639149
44,Nona's Kitchen,North Indian,"Supermart 1, DLF Phase 4, Gurgaon",4.8,392,353,https://www.zomato.com/restaurant?tab=order&res_id=19082640
45,Dhaba - Estd 1986 Delhi,North Indian,"Cyber Hub, DLF Cyber City, Gurgaon",4.7,3981,2923,https://www.zomato.com/restaurant?tab=order&res_id=306153
46,Dhaba 99,North Indian,"Sector 17, Gurgaon",4.1,96,70,https://www.zomato.com/restaurant?tab=order&res_id=19025732
47,Meals 4 One,North Indian,"DLF Phase 3, Gurgaon",4.5,446,381,https://www.zomato.com/restaurant?tab=order&res_id=18687395
48,Apna Daana Paani,North Indian,"DLF Phase 3, Gurgaon",4.1,161,149,https://www.zomato.com/restaurant?tab=order&res_id=18631871
49,Thali Meals And More,North Indian,"Sushant Lok, Gurgaon",4.2,124,108,https://www.zomato.com/restaurant?tab=order&res_id=19097752
50,Masala Fusion Delight,North Indian,"Sushant Shopping Arcade, Sushant Lok, Gurgaon, Gurgaon",4.4,305,254,https://www.zomato.com/restaurant?tab=order&res_id=18414512
51,Mutton King,North Indian,"DLF Phase 2, Gurgaon",4.3,147,79,https://www.zomato.com/restaurant?tab=order&res_id=18518149
52,Koolchas,North Indian,"Sushant Lok, Gurgaon",4.1,388,230,https://www.zomato.com/restaurant?tab=order&res_id=18734511
53,Rice In A Bowl,North Indian,"Sushant Lok, Gurgaon",4.3,118,111,https://www.zomato.com/restaurant?tab=order&res_id=19155978
54,Project Naan,North Indian,"DLF Phase 3, Gurgaon",4.4,125,88,https://www.zomato.com/restaurant?tab=order&res_id=18893450
55,New Sher A Punjab,North Indian,"DLF Phase 3, Gurgaon",4.2,185,136,https://www.zomato.com/restaurant?tab=order&res_id=19062363
56,Mini'Z Kitchen,North Indian,"Sushant Lok, Gurgaon",4.5,182,144,https://www.zomato.com/restaurant?tab=order&res_id=18388160
57,Khurana Kitchen,North Indian,"DLF Phase 4, Gurgaon",4.1,103,82,https://www.zomato.com/restaurant?tab=order&res_id=18848742
58,Chaap Paradise,"North Indian, Rolls","DLF Phase 3, Gurgaon",4.3,0,0,https://www.zomato.com/restaurant?tab=order&res_id=19233538
59,Wow Food Times,North Indian,"DLF Phase 4, Gurgaon",4.2,44,30,https://www.zomato.com/restaurant?tab=order&res_id=19047003
60,Butter Chicken Factory,"North Indian, Kebab, Biryani","Cross Point Mall, DLF Phase 4, Gurgaon",4.1,257,164,https://www.zomato.com/restaurant?tab=order&res_id=18809190
61,Mala-Akbari,North Indian,"Ambience Mall, DLF Phase 3, Gurgaon",4.3,157,105,https://www.zomato.com/restaurant?tab=order&res_id=18941377
62,Mood For Foods,North Indian,"DLF Phase 3, Gurgaon",4.1,66,61,https://www.zomato.com/restaurant?tab=order&res_id=19046733
63,Punjab Grill Tappa,"Bar Food, Kebab, North Indian","Cyber Hub, DLF Cyber City, Gurgaon",4.2,995,736,https://www.zomato.com/restaurant?tab=order&res_id=18396201
64,Singh Saab Chicken Corner,"North Indian, Mughlai","Sector 22, Gurgaon",2.8,125,37,https://www.zomato.com/restaurant?tab=order&res_id=18238238
65,Lucknow's Kabab,"Mughlai, North Indian","DLF Phase 3, Gurgaon",2.9,275,130,https://www.zomato.com/restaurant?tab=order&res_id=18180066
66,Veerji Malai Chaap Wale,"North Indian, Rolls","DLF Phase 3, Gurgaon",3.7,204,97,https://www.zomato.com/restaurant?tab=order&res_id=18975031
67,Food Strikers,North Indian,"MG Road, Gurgaon",4.0,345,191,https://www.zomato.com/restaurant?tab=order&res_id=18500180
68,Amritsari Kulcha King,North Indian,"DLF Phase 3, Gurgaon",3.8,0,0,https://www.zomato.com/restaurant?tab=order&res_id=19210454
69,The Maghico Food Service,North Indian,"DLF Phase 3, Gurgaon",3.9,193,109,https://www.zomato.com/restaurant?tab=order&res_id=18671314
70,Rolls King,"Rolls, North Indian","DLF Phase 3, Gurgaon",3.8,150,64,https://www.zomato.com/restaurant?tab=order&res_id=18735906
71,Lucy Shawarma & Snacks,North Indian,"DLF Phase 3, Gurgaon",4.0,86,53,https://www.zomato.com/restaurant?tab=order&res_id=18979004
72,Paratha Corner,"North Indian, Rolls","DLF Phase 3, Gurgaon",3.6,65,11,https://www.zomato.com/restaurant?tab=order&res_id=18449825
73,Pind Bhatura,North Indian,"DLF Phase 3, Gurgaon",3.8,257,78,https://www.zomato.com/restaurant?tab=order&res_id=18665345
74,Dhaba Patthon Da,North Indian,"Sector 22, Gurgaon",3.6,88,49,https://www.zomato.com/restaurant?tab=order&res_id=18278189
75,D Gurgaon Kitchen,"North Indian, Rolls","DLF Phase 1, Gurgaon",4.0,176,74,https://www.zomato.com/restaurant?tab=order&res_id=18542538
76,Wah Ji Wah,"North Indian, Rolls","Sector 22, Gurgaon",3.6,201,75,https://www.zomato.com/restaurant?tab=order&res_id=306791
77,Make My Platter,North Indian,"Sushant Shopping Arcade, Sushant Lok, Gurgaon, Gurgaon",3.7,83,47,https://www.zomato.com/restaurant?tab=order&res_id=19066531
78,Apni Rasoi,North Indian,"MG Road, Gurgaon",3.7,33,6,https://www.zomato.com/restaurant?tab=order&res_id=6945
79,Sher 'A' Punjab Bhojnalya,North Indian,"Kapashera, New Delhi",3.7,203,44,https://www.zomato.com/restaurant?tab=order&res_id=302254
80,Being Chef- Pure Veg Kitchen,North Indian,"Sector 14, Gurgaon",3.9,1120,918,https://www.zomato.com/restaurant?tab=order&res_id=309584
81,Punjabi Tadka,North Indian,"DLF Phase 3, Gurgaon",3.7,160,75,https://www.zomato.com/restaurant?tab=order&res_id=301278
82,Lucknowi Dastarkhan,North Indian,"DLF Phase 3, Gurgaon",3.9,47,38,https://www.zomato.com/restaurant?tab=order&res_id=18653885
83,All India Parantha Trail,North Indian,"Sector 22, Gurgaon",3.6,32,20,https://www.zomato.com/restaurant?tab=order&res_id=19129465
84,Masala Lab,North Indian,"Sushant Shopping Arcade, Sushant Lok, Gurgaon, Gurgaon",3.7,46,41,https://www.zomato.com/restaurant?tab=order&res_id=19131714
85,The Champaran Meat House,North Indian,"DLF Phase 3, Gurgaon",3.6,26,16,https://www.zomato.com/restaurant?tab=order&res_id=19114943
86,Gulshan Dhaba,North Indian,"DLF Phase 3, Gurgaon",3.9,0,0,https://www.zomato.com/restaurant?tab=order&res_id=19209464
87,Amritsari Express,North Indian,"Ambience Mall, DLF Phase 3, Gurgaon",3.6,92,67,https://www.zomato.com/restaurant?tab=order&res_id=18394254
88,Paratha Online,North Indian,"Sushant Lok, Gurgaon",3.9,50,20,https://www.zomato.com/restaurant?tab=order&res_id=18681349
89,Lahori's,North Indian,"DLF Phase 1, Gurgaon",4.0,35,30,https://www.zomato.com/restaurant?tab=order&res_id=19122878
90,Home Avenue,North Indian,"DLF Phase 3, Gurgaon",3.6,44,27,https://www.zomato.com/restaurant?tab=order&res_id=19112904
91,Mighty Mealz,"North Indian, Momos","DLF Phase 1, Gurgaon",3.7,129,29,https://www.zomato.com/restaurant?tab=order&res_id=18597409
92,The Lunch Break,North Indian,"Vyapar Kendra, Sushant Lok, Gurgaon",3.8,142,16,https://www.zomato.com/restaurant?tab=order&res_id=300082
93,Kabab Roll Cafe,"North Indian, Kebab","Huda City Centre Metro Station, Sector 29, Gurgaon, Gurgaon",3.8,230,166,https://www.zomato.com/restaurant?tab=order&res_id=308477
94,Troho Homffins - Sim's Tummy Treat,North Indian,"DLF Phase 3, Gurgaon",4.0,33,26,https://www.zomato.com/restaurant?tab=order&res_id=18954850
95,Manbhavan Premium Thali Restaurant,North Indian,"Ambience Mall, DLF Phase 3, Gurgaon",3.9,123,62,https://www.zomato.com/restaurant?tab=order&res_id=18767090
96,Mint Leaf,North Indian,"Sushant Lok, Gurgaon",3.7,185,110,https://www.zomato.com/restaurant?tab=order&res_id=2645
97,Oye! Yummy Paratha,North Indian,"Sushant Lok, Gurgaon",3.6,16,8,https://www.zomato.com/restaurant?tab=order&res_id=19170932
98,Balaji's Vegetarian Paradise,North Indian,"Sushant Shopping Arcade, Sushant Lok, Gurgaon, Gurgaon",3.7,186,91,https://www.zomato.com/restaurant?tab=order&res_id=950
99,Ki & Kaa Grill,North Indian,"Sector 22, Gurgaon",3.2,51,22,https://www.zomato.com/restaurant?tab=order&res_id=18890473
100,Parantha Pundit,"North Indian, Beverages","Sector 29, Gurgaon",3.3,56,30,https://www.zomato.com/restaurant?tab=order&res_id=19042069
101,Chauhan Hotel,North Indian,"Udyog Vihar, Gurgaon",3.5,133,19,https://www.zomato.com/restaurant?tab=order&res_id=18391133
102,Rolls Town,"North Indian, Rolls","DLF Phase 3, Gurgaon",3.5,52,45,https://www.zomato.com/restaurant?tab=order&res_id=18973142
103,Chawla Di Hutti,North Indian,"Kapashera, New Delhi",3.5,157,79,https://www.zomato.com/restaurant?tab=order&res_id=5083
104,Bhatura Express,North Indian,"DLF Phase 3, Gurgaon",3.2,4,4,https://www.zomato.com/restaurant?tab=order&res_id=19195391
105,Uttrakhand Bohra Bhojnalaya & Fast Food,North Indian,"Udyog Vihar, Gurgaon",3.5,52,6,https://www.zomato.com/restaurant?tab=order&res_id=18391145
106,Special Mutton Handi,North Indian,"DLF Phase 3, Gurgaon",3.4,15,8,https://www.zomato.com/restaurant?tab=order&res_id=19122993
107,Krish Food Point,North Indian,"Sector 17, Gurgaon",3.5,54,9,https://www.zomato.com/restaurant?tab=order&res_id=306235
108,Paratha Zone,North Indian,"Sector 21, Gurgaon",3.3,9,4,https://www.zomato.com/restaurant?tab=order&res_id=19148992
109,Ramesh Dhaba,North Indian,"Udyog Vihar, Gurgaon",3.5,69,17,https://www.zomato.com/restaurant?tab=order&res_id=18753621
110,Baba Dhaba,North Indian,"DLF Phase 4, Gurgaon",3.2,8,2,https://www.zomato.com/restaurant?tab=order&res_id=18954681
111,Dhaba HR 20,North Indian,"Sector 22, Gurgaon",3.1,7,1,https://www.zomato.com/restaurant?tab=order&res_id=18722748
112,Paratha Wala,North Indian,"DLF Phase 3, Gurgaon",3.2,20,11,https://www.zomato.com/restaurant?tab=order&res_id=19098165
113,Biryani Haat,"Biryani, North Indian","Sector 17, Gurgaon",3.1,5,2,https://www.zomato.com/restaurant?tab=order&res_id=19147555
114,My Kitchen House,North Indian,"Sector 22, Gurgaon",3.4,36,15,https://www.zomato.com/restaurant?tab=order&res_id=18613869
115,Foodiee Vibes,"North Indian, Bengali","DLF Phase 4, Gurgaon",3.4,15,4,https://www.zomato.com/restaurant?tab=order&res_id=19123794
116,Nipun Sweets & Restaurant,"North Indian, Mithai","Sikandarpur, Gurgaon",0.0,0,0,https://www.zomato.com/restaurant?tab=order&res_id=19217077
117,Singh Dhaba,North Indian,"Sector 22, Gurgaon",3.1,35,11,https://www.zomato.com/restaurant?tab=order&res_id=18727952
118,Shere Punjab,North Indian,"Sahara Mall, MG Road, Gurgaon",3.4,25,6,https://www.zomato.com/restaurant?tab=order&res_id=18448513
119,Sharma Food,North Indian,"DLF Phase 3, Gurgaon",3.3,14,6,https://www.zomato.com/restaurant?tab=order&res_id=18779534
120,Romi Da Dhaba,North Indian,"Vyapar Kendra, Sushant Lok, Gurgaon",3.4,205,92,https://www.zomato.com/restaurant?tab=order&res_id=1453
121,Renu Sweets & Restaurant,North Indian,"Udyog Vihar, Gurgaon",3.3,19,2,https://www.zomato.com/restaurant?tab=order&res_id=18458319
122,All About Biryani,"Biryani, North Indian","Sushant Lok, Gurgaon",3.2,12,4,https://www.zomato.com/restaurant?tab=order&res_id=18579415
123,Dev Da Dhaba,North Indian,"DLF Phase 3, Gurgaon",3.2,5,2,https://www.zomato.com/restaurant?tab=order&res_id=19150606
124,Hyderabadi Pakwaan,"Biryani, North Indian","DLF Phase 4, Gurgaon",0.0,0,0,https://www.zomato.com/restaurant?tab=order&res_id=19211869
125,Chandni Chowk Restaurant,North Indian,"Sector 17, Gurgaon",3.1,7,3,https://www.zomato.com/restaurant?tab=order&res_id=18611376
126,Nukkadwala,"Fast Food, Street Food","DLF Cyber City, Gurgaon",3.7,185,119,https://www.zomato.com/restaurant?tab=order&res_id=18456732
127,Rolls Mania,"Rolls, Fast Food","DLF Phase 3, Gurgaon",4.4,146,135,https://www.zomato.com/restaurant?tab=order&res_id=18944388
128,Sandburg Shakes,"Burger, Fast Food","Sushant Lok, Gurgaon",4.1,214,90,https://www.zomato.com/restaurant?tab=order&res_id=18472606
129,WoW - Vada Pav & More,"Street Food, Fast Food","Sushant Shopping Arcade, Sushant Lok, Gurgaon, Gurgaon",2.8,102,72,https://www.zomato.com/restaurant?tab=order&res_id=312555
130,TMH - The Maggi Hub,"Fast Food, Street Food, Beverages","DLF Phase 4, Gurgaon",3.0,12,5,https://www.zomato.com/restaurant?tab=order&res_id=19181715
131,Burger Point,"Fast Food, Burger","DLF Galleria, DLF Phase 4, Gurgaon",4.0,848,599,https://www.zomato.com/restaurant?tab=order&res_id=18235155
132,KFC,"Burger, Fast Food","Cyber Hub, DLF Cyber City, Gurgaon",3.6,548,254,https://www.zomato.com/restaurant?tab=order&res_id=306173
133,McDonald's,"Burger, Fast Food","Cyber Greens, DLF Cyber City, Gurgaon",3.8,173,86,https://www.zomato.com/restaurant?tab=order&res_id=3539
134,Burger Hut,"Burger, Fast Food","DLF Phase 3, Gurgaon",4.0,611,251,https://www.zomato.com/restaurant?tab=order&res_id=4171
135,Wendy's,"Burger, Fast Food","Sector 29, Gurgaon",3.6,34,23,https://www.zomato.com/restaurant?tab=order&res_id=19117956
136,Domino's Pizza,"Pizza, Fast Food","Udyog Vihar, Gurgaon",3.7,288,186,https://www.zomato.com/restaurant?tab=order&res_id=313078
137,Burger No.1,"Burger, Sandwich, Fast Food","Sector 22, Gurgaon",3.8,102,7,https://www.zomato.com/restaurant?tab=order&res_id=18966223
138,The Sandwich Club,"Sandwich, Fast Food","Sushant Shopping Arcade, Sushant Lok, Gurgaon, Gurgaon",4.0,31,24,https://www.zomato.com/restaurant?tab=order&res_id=19152946
139,Captain Grub,"Burger, American, Fast Food","DLF Phase 1, Gurgaon",4.0,858,527,https://www.zomato.com/restaurant?tab=order&res_id=308577
140,Sandwich Maniac,"Sandwich, Fast Food","Sushant Lok, Gurgaon",3.9,72,66,https://www.zomato.com/restaurant?tab=order&res_id=19011293
141,New York Slice,"Pizza, Fast Food","Udyog Vihar, Gurgaon",3.9,107,80,https://www.zomato.com/restaurant?tab=order&res_id=18619559
142,GreeNox,"Healthy Food, Fast Food","Sushant Lok, Gurgaon",3.9,102,70,https://www.zomato.com/restaurant?tab=order&res_id=18970067
143,Lucy's : The Burger St.,"Burger, Fast Food, Beverages","DLF Phase 4, Gurgaon",0.0,0,0,https://www.zomato.com/restaurant?tab=order&res_id=19217752
144,Pizzagram,"Pizza, Burger, Fast Food","DLF Phase 3, Gurgaon",3.9,180,129,https://www.zomato.com/restaurant?tab=order&res_id=18573354
145,Pizza Northeast,"Pizza, Fast Food","DLF Phase 4, Gurgaon",3.6,48,28,https://www.zomato.com/restaurant?tab=order&res_id=18979249
146,Just Margarita,"Pizza, Fast Food","Udyog Vihar, Gurgaon",3.8,87,49,https://www.zomato.com/restaurant?tab=order&res_id=18712748
147,Chai Peeni Hai,"Tea, Fast Food","DLF Phase 2, Gurgaon",3.7,29,21,https://www.zomato.com/restaurant?tab=order&res_id=18727455
148,Maggi Hotspot,Fast Food,"DLF Cyber City, Gurgaon",3.7,26,14,https://www.zomato.com/restaurant?tab=order&res_id=18432637
149,Tibb's Frankie,"Fast Food, Rolls, Beverages","MGF Metropolitan Mall, MG Road, Gurgaon",4.0,219,191,https://www.zomato.com/restaurant?tab=order&res_id=300119
150,Best In Burgers,"Burger, Fast Food","DLF Phase 3, Gurgaon",3.7,66,42,https://www.zomato.com/restaurant?tab=order&res_id=18449649
151,Burger Games,"Burger, Fast Food","DLF Phase 3, Gurgaon",3.8,106,62,https://www.zomato.com/restaurant?tab=order&res_id=19146546
152,M CrÃÂ¨me CafÃÂ¨,Fast Food,"Udyog Vihar, Gurgaon",3.9,78,57,https://www.zomato.com/restaurant?tab=order&res_id=18587918
153,2 In 1 Pizza & Burgers,"Pizza, Burger, Fast Food","DLF Phase 3, Gurgaon",0.0,0,0,https://www.zomato.com/restaurant?tab=order&res_id=19247719
154,Milano Pizza By Doodles Cakes,Fast Food,"Sector 21, Gurgaon",3.2,5,0,https://www.zomato.com/restaurant?tab=order&res_id=19157114
155,Big Fat Burger,"Burger, Fast Food, Beverages","Sikandarpur, Gurgaon",0.0,0,0,https://www.zomato.com/restaurant?tab=order&res_id=19234296
156,Fun and Shakes,"Fast Food, Beverages","DLF Phase 3, Gurgaon",3.5,0,17,https://www.zomato.com/restaurant?tab=order&res_id=19186625
157,34 Chowringhee Lane,"Rolls, Fast Food","DLF Phase 3, Gurgaon",3.4,27,14,https://www.zomato.com/restaurant?tab=order&res_id=19037431
158,Sandwich Square,"Sandwich, Fast Food","Sector 29, Gurgaon",3.3,26,7,https://www.zomato.com/restaurant?tab=order&res_id=19144163
159,Tasty Hub Fast Food,"Fast Food, Momos","Sushant Lok, Gurgaon",3.4,10,5,https://www.zomato.com/restaurant?tab=order&res_id=18574026
160,Lord of The Juices,"Beverages, Fast Food","Sushant Lok, Gurgaon",3.4,22,7,https://www.zomato.com/restaurant?tab=order&res_id=18763147
161,Chai Garam Cafe,"Tea, Fast Food","DLF Cyber City, Gurgaon",3.5,15,7,https://www.zomato.com/restaurant?tab=order&res_id=18821381
162,Healthy Express,"Healthy Food, Fast Food","Sector 43, Gurgaon",3.2,20,7,https://www.zomato.com/restaurant?tab=order&res_id=19000956
163,Grill Inn,Fast Food,"DLF Cyber City, Gurgaon",3.4,19,18,https://www.zomato.com/restaurant?tab=order&res_id=18472629
164,4700BC Gourmet Popcorn,Fast Food,"MGF Metropolitan Mall, MG Road, Gurgaon",3.5,24,18,https://www.zomato.com/restaurant?tab=order&res_id=18228877
165,Chaubara,Fast Food,"Udyog Vihar, Gurgaon",3.2,30,4,https://www.zomato.com/restaurant?tab=order&res_id=19042111
166,CafÃÂ© Burger BC,"Burger, Fast Food","Sector 17, Gurgaon",3.2,9,6,https://www.zomato.com/restaurant?tab=order&res_id=18731658
167,Fagito Cafe,"Fast Food, Momos, Beverages","DLF Phase 3, Gurgaon",0.0,9,0,https://www.zomato.com/restaurant?tab=order&res_id=19246139
168,Burger Hunt,"Burger, Fast Food","Sector 23, Gurgaon",3.2,0,4,https://www.zomato.com/restaurant?tab=order&res_id=19146558
169,Indian Fondue Company,"Fast Food, Modern Indian","Sector 29, Gurgaon",3.3,9,4,https://www.zomato.com/restaurant?tab=order&res_id=19042521
170,Swaad By Sahman,Fast Food,"Udyog Vihar, Gurgaon",3.0,6,4,https://www.zomato.com/restaurant?tab=order&res_id=19082621
171,Burger Inn,"Fast Food, Burger","DLF Phase 3, Gurgaon",3.0,4,1,https://www.zomato.com/restaurant?tab=order&res_id=19151586
172,Ganpati Burger Point,Fast Food,"Sector 17, Gurgaon",3.0,4,1,https://www.zomato.com/restaurant?tab=order&res_id=18662059
173,The London Shakes,"Beverages, Fast Food","DLF Phase 1, Gurgaon",3.0,4,1,https://www.zomato.com/restaurant?tab=order&res_id=18706473
174,Apna Adda,Fast Food,"MG Road, Gurgaon",3.0,28,4,https://www.zomato.com/restaurant?tab=order&res_id=18670432
175,Nescafe,"Fast Food, Beverages","DLF Phase 2, Gurgaon",3.0,7,2,https://www.zomato.com/restaurant?tab=order&res_id=313205
176,Pep Box,"Fast Food, Rolls","Huda City Centre Metro Station, Sector 29, Gurgaon, Gurgaon",2.7,65,44,https://www.zomato.com/restaurant?tab=order&res_id=307570
177,Yum Yum Kha,"Fast Food, Street Food","DLF Phase 3, Gurgaon",0.0,0,0,https://www.zomato.com/restaurant?tab=order&res_id=19086560
178,Momos Cornal,Fast Food,"DLF Phase 3, Gurgaon",0.0,0,0,https://www.zomato.com/restaurant?tab=order&res_id=19237340
179,Da Pizza Club,"Fast Food, Pizza","Kapashera, New Delhi",0.0,0,0,https://www.zomato.com/restaurant?tab=order&res_id=18982591
180,Midnight Joe's,"Burger, Wraps, Fast Food, Beverages","Sushant Lok, Gurgaon",0.0,0,0,https://www.zomato.com/restaurant?tab=order&res_id=19152905
181,Adventure Food,Fast Food,"Udyog Vihar, Gurgaon",0.0,0,0,https://www.zomato.com/restaurant?tab=order&res_id=18350142
182,Wrap N Rolls,"Wraps, Fast Food","Sushant Lok, Gurgaon",0.0,0,0,https://www.zomato.com/restaurant?tab=order&res_id=19161955
183,V.K 24x7 Kitchen,"Fast Food, Pizza","DLF Phase 3, Gurgaon",0.0,0,0,https://www.zomato.com/restaurant?tab=order&res_id=18990886
184,Roadside Romeo,Fast Food,"DLF Phase 3, Gurgaon",0.0,0,0,https://www.zomato.com/restaurant?tab=order&res_id=19142971
185,The Oregano's,"Pizza, Fast Food","DLF Phase 3, Gurgaon",0.0,0,0,https://www.zomato.com/restaurant?tab=order&res_id=19057756
186,Slay Coffee,"Coffee, Beverages, Fast Food","Sector 23, Gurgaon",0.0,0,0,https://www.zomato.com/restaurant?tab=order&res_id=19214427
187,Creffles N' Coffee,"Fast Food, Beverages","Sector 83, Gurgaon",0.0,0,0,https://www.zomato.com/restaurant?tab=order&res_id=19161497
188,Shakes N Buns,"Fast Food, Beverages","DLF Phase 4, Gurgaon",0.0,0,0,https://www.zomato.com/restaurant?tab=order&res_id=19164102
189,Burger Flames,Fast Food,"DLF Phase 3, Gurgaon",0.0,0,0,https://www.zomato.com/restaurant?tab=order&res_id=19164199
190,Doobie's Den,Fast Food,"Sector 23, Gurgaon",0.0,0,0,https://www.zomato.com/restaurant?tab=order&res_id=19203402
191,Chai Station,"Healthy Food, Fast Food, Tea, Beverages","Sector 43, Gurgaon",0.0,0,0,https://www.zomato.com/restaurant?tab=order&res_id=19264972
192,Pizza Galleria,"Fast Food, Pizza","DLF Phase 3, Gurgaon",0.0,0,0,https://www.zomato.com/restaurant?tab=order&res_id=19260529
193,Chaat Chowk,Street Food,"DLF Galleria, DLF Phase 4, Gurgaon",3.8,485,332,https://www.zomato.com/restaurant?tab=order&res_id=310211
194,Beeji De Chole Bhature,Street Food,"Sushant Lok, Gurgaon",3.7,45,43,https://www.zomato.com/restaurant?tab=order&res_id=19059893
195,Alwar Sweets,"Mithai, Street Food","Vyapar Kendra, Sushant Lok, Gurgaon",3.8,262,101,https://www.zomato.com/restaurant?tab=order&res_id=9122
196,Banke Bihari Nashta Center,"Mithai, Street Food","DLF Phase 3, Gurgaon",3.6,152,89,https://www.zomato.com/restaurant?tab=order&res_id=308673
197,Goli Vada Pav No. 1,Street Food,"Vyapar Kendra, Sushant Lok, Gurgaon",3.7,277,118,https://www.zomato.com/restaurant?tab=order&res_id=300097
198,Bikaner Sweets & Restaurant,"Mithai, Street Food","Sector 21, Gurgaon",3.5,29,12,https://www.zomato.com/restaurant?tab=order&res_id=302246
199,Tikki Talks,"Street Food, Mithai","DLF Phase 3, Gurgaon",0.0,0,0,https://www.zomato.com/restaurant?tab=order&res_id=19227675
200,Sandeep Sweets,"Mithai, Street Food","Sector 17, Gurgaon",3.1,9,2,https://www.zomato.com/restaurant?tab=order&res_id=18942614
201,Shree Bikaner Misthan Bhandar,"Street Food, Mithai","DLF Phase 3, Gurgaon",3.4,97,53,https://www.zomato.com/restaurant?tab=order&res_id=302229
202,Shokeen Mumbai Vada Pav,Street Food,"MG Road, Gurgaon",3.4,57,28,https://www.zomato.com/restaurant?tab=order&res_id=18800459
203,Anil Bombay Pav Bhaji Corner,Street Food,"DLF Phase 3, Gurgaon",3.5,16,5,https://www.zomato.com/restaurant?tab=order&res_id=18903980
204,Sardar Ji Matar Kulcha Wala,Street Food,"Sushant Shopping Arcade, Sushant Lok, Gurgaon, Gurgaon",3.5,26,10,https://www.zomato.com/restaurant?tab=order&res_id=18591578
205,Chaat Chatore,"Street Food, Beverages","DLF Phase 1, Gurgaon",3.0,6,1,https://www.zomato.com/restaurant?tab=order&res_id=18763187
206,Bachan Tea Stall,Street Food,"DLF Phase 3, Gurgaon",3.0,4,0,https://www.zomato.com/restaurant?tab=order&res_id=18801690
207,Bikaner Sweets,"Mithai, Street Food","Sector 43, Gurgaon",0.0,0,0,https://www.zomato.com/restaurant?tab=order&res_id=19233458
208,Shawarma House,"Fast Food, Lebanese, Mughlai","Central Plaza Mall, Golf Course Road, Gurgaon",4.6,0,1410,https://www.zomato.com/restaurant?tab=order&res_id=8597
209,Caterspoint,"Healthy Food, Salad, Sandwich, Fast Food, Desserts, Beverages","DLF Phase 3, Gurgaon",4.6,1725,1820,https://www.zomato.com/restaurant?tab=order&res_id=18384115
210,Bikanervala,"Mithai, Street Food, South Indian, North Indian, Chinese, Bakery","Sector 29, Gurgaon",4.1,2547,1400,https://www.zomato.com/restaurant?tab=order&res_id=496
211,Om Sweets & Snacks,"Mithai, North Indian, Fast Food, South Indian, Chinese","Sector 23, Gurgaon",4.1,2524,681,https://www.zomato.com/restaurant?tab=order&res_id=5057
212,Haldiram's,"North Indian, Mithai, South Indian, Street Food, Desserts, Bakery, Chinese","Cyber Hub, DLF Cyber City, Gurgaon",4.0,1399,361,https://www.zomato.com/restaurant?tab=order&res_id=307070
213,Thapa Chinese Food,"Chinese, Fast Food","DLF Phase 3, Gurgaon",3.4,605,41,https://www.zomato.com/restaurant?tab=order&res_id=18352194
214,Burger Singh - Big Punjabi Burgers,"Burger, Fast Food, Beverages, Desserts","Sushant Lok, Gurgaon",4.0,97,562,https://www.zomato.com/restaurant?tab=order&res_id=313208
215,Tossin Pizza,"Pizza, Fast Food, Italian, Desserts, Beverages","Sector 22, Gurgaon",4.2,794,588,https://www.zomato.com/restaurant?tab=order&res_id=18238242
216,Bikaner Sweets,"North Indian, Street Food, Mithai","Sector 17, Gurgaon",3.5,727,19,https://www.zomato.com/restaurant?tab=order&res_id=310632
217,Faasos,"North Indian, Fast Food, Biryani, Rolls, Wraps","Sector 23, Gurgaon",3.8,70,227,https://www.zomato.com/restaurant?tab=order&res_id=18412887
218,Delhicacy,"North Indian, Fast Food","DLF Galleria, DLF Phase 4, Gurgaon",3.9,307,784,https://www.zomato.com/restaurant?tab=order&res_id=310854
219,Ram G Samose Wala,"North Indian, Chinese, Street Food","DLF Phase 3, Gurgaon",3.6,1088,23,https://www.zomato.com/restaurant?tab=order&res_id=18922377
220,Chaayos,"Cafe, Beverages, Tea, Fast Food, Desserts","DLF Galleria, DLF Phase 4, Gurgaon",4.0,87,751,https://www.zomato.com/restaurant?tab=order&res_id=305661
221,The Belgian Fries Company,"Burger, Fast Food, Beverages, Desserts, Belgian","MGF Metropolitan Mall, MG Road, Gurgaon",4.3,1264,458,https://www.zomato.com/restaurant?tab=order&res_id=18381233
222,Mr. Sandwiches,"Chinese, Fast Food","Sector 22, Gurgaon",3.8,615,75,https://www.zomato.com/restaurant?tab=order&res_id=18620622
223,Angels in my Kitchen,"Bakery, Desserts, Fast Food","Cyber Hub, DLF Cyber City, Gurgaon",4.0,295,780,https://www.zomato.com/restaurant?tab=order&res_id=305198
224,The Egg Company,"American, Continental, Fast Food, Beverages","Sushant Lok, Gurgaon",4.1,1429,105,https://www.zomato.com/restaurant?tab=order&res_id=18757860
225,Charcoal Eats,"Fast Food, Biryani, North Indian, Rolls","DLF Phase 3, Gurgaon",4.1,146,213,https://www.zomato.com/restaurant?tab=order&res_id=18599246
226,Charcoal Eats,"Fast Food, Biryani, North Indian, Rolls","DLF Phase 3, Gurgaon",4.1,258,213,https://www.zomato.com/restaurant?tab=order&res_id=18599246
227,Mucchad's SamosaZz & More,"Street Food, North Indian","DLF Phase 4, Gurgaon",3.8,472,125,https://www.zomato.com/restaurant?tab=order&res_id=18369166
228,Nirula's,"Fast Food, Ice Cream, Desserts","Sushant Lok, Gurgaon",4.1,577,407,https://www.zomato.com/restaurant?tab=order&res_id=18515820
229,Jain Fast Food Corner,"Street Food, North Indian","DLF Phase 3, Gurgaon",3.2,246,125,https://www.zomato.com/restaurant?tab=order&res_id=18265402
230,Fu.D,"Cafe, Fast Food, Street Food","Sushant Lok, Gurgaon",4.0,433,182,https://www.zomato.com/restaurant?tab=order&res_id=18265365
231,Gopala,"Mithai, Street Food, Bakery","Shopping Mall, DLF Phase 1, Gurgaon",3.8,86,32,https://www.zomato.com/restaurant?tab=order&res_id=1920
232,Momos World,"Fast Food, Chinese","DLF Phase 2, Gurgaon",3.4,75,22,https://www.zomato.com/restaurant?tab=order&res_id=18688419
233,Hungry Panda,"North Indian, Chinese, Fast Food","Palam Vihar, Gurgaon",3.7,59,25,https://www.zomato.com/restaurant?tab=order&res_id=19088257
234,D N Snacks,"North Indian, Fast Food","DLF Phase 3, Gurgaon",3.5,35,27,https://www.zomato.com/restaurant?tab=order&res_id=19142524
235,California Burrito,"Mexican, Tex-Mex, Fast Food, Healthy Food","Ambience Mall, DLF Phase 3, Gurgaon",4.1,239,89,https://www.zomato.com/restaurant?tab=order&res_id=18824886
236,The Streat,"North Indian, Chinese, Fast Food","DLF Phase 2, Gurgaon",4.0,300,128,https://www.zomato.com/restaurant?tab=order&res_id=18585043
237,Chinese Corner,"Chinese, Fast Food","Sector 17, Gurgaon",3.7,106,48,https://www.zomato.com/restaurant?tab=order&res_id=18677657
238,Ghar Ka Chulha,"North Indian, Fast Food","Sector 21, Gurgaon",3.6,15,5,https://www.zomato.com/restaurant?tab=order&res_id=18978962
239,GoGourmet,"North Indian, Healthy Food, Mexican, Fast Food, Salad","One Horizon Center, Golf Course Road, Gurgaon",4.1,297,217,https://www.zomato.com/restaurant?tab=order&res_id=18391159
240,Tandoori KnockOuts,"Fast Food, North Indian, Momos","Supermart 1, DLF Phase 4, Gurgaon",4.0,425,212,https://www.zomato.com/restaurant?tab=order&res_id=18372668
241,Manorma,"Biryani, Fast Food","DLF Phase 3, Gurgaon",3.9,504,176,https://www.zomato.com/restaurant?tab=order&res_id=18428610
242,Shri Sham Sweets,"Street Food, Desserts","Sushant Lok, Gurgaon",0.0,0,0,https://www.zomato.com/restaurant?tab=order&res_id=19084428
243,CafÃÂ© Wanderlust,"Cafe, Fast Food","DLF Galleria, DLF Phase 4, Gurgaon",4.0,1594,1057,https://www.zomato.com/restaurant?tab=order&res_id=304430
244,Chilli Indiana,"Italian, Fast Food","DLF Phase 3, Gurgaon",4.5,223,189,https://www.zomato.com/restaurant?tab=order&res_id=18817292
245,Master of Momos,"North Eastern, Momos, Fast Food, Beverages, Tibetan","Sector 29, Gurgaon",2.5,17,6,https://www.zomato.com/restaurant?tab=order&res_id=19042066
246,Abar Khabo,"Bengali, Fast Food","Qutab Plaza, DLF Phase 1, Gurgaon",3.7,343,267,https://www.zomato.com/restaurant?tab=order&res_id=18312471
247,Beetroot Grill,"North Indian, Chinese, Continental, Street Food","DLF Phase 1, Gurgaon",4.2,158,124,https://www.zomato.com/restaurant?tab=order&res_id=18923748
248,Chandni Chowk To China,"Chinese, Street Food","DLF Phase 4, Gurgaon",3.7,91,78,https://www.zomato.com/restaurant?tab=order&res_id=18897599
249,WOW! Momo,"Chinese, Fast Food, Momos","MGF Metropolitan Mall, MG Road, Gurgaon",3.7,82,61,https://www.zomato.com/restaurant?tab=order&res_id=18622458
250,Ah So Yum,"Chinese, Asian, Sushi, Thai, Japanese, PokÃÂ©","Golf Course Road, Gurgaon",4.9,525,444,https://www.zomato.com/restaurant?tab=order&res_id=18945610
251,Master Koii's,"Asian, Chinese, Thai","Sushant Lok, Gurgaon",4.8,620,441,https://www.zomato.com/restaurant?tab=order&res_id=18819947
252,Oishii Wok,"Japanese, Thai, Asian, PokÃÂ©, Chinese, Sushi","DLF Phase 4, Gurgaon",4.8,190,159,https://www.zomato.com/restaurant?tab=order&res_id=19078918
253,ShiSo & Yu Choi,"Japanese, Chinese, Thai, Asian","Sikandarpur, Gurgaon",4.7,214,175,https://www.zomato.com/restaurant?tab=order&res_id=18888381
254,Chilly China,Chinese,"Sushant Shopping Arcade, Sushant Lok, Gurgaon, Gurgaon",4.2,426,329,https://www.zomato.com/restaurant?tab=order&res_id=18720428
255,Enoki - Fresh Asian Kitchen,"Chinese, Asian, Sushi, Thai, Japanese, PokÃÂ©","Sikandarpur, Gurgaon",4.3,565,415,https://www.zomato.com/restaurant?tab=order&res_id=18642336
256,Qwinny's,"Japanese, Chinese, Thai","DLF Phase 4, Gurgaon",4.5,798,615,https://www.zomato.com/restaurant?tab=order&res_id=18636986
257,Chow China,Chinese,"Sikandarpur, Gurgaon",4.5,155,127,https://www.zomato.com/restaurant?tab=order&res_id=18991920
258,Momo King,"Momos, Chinese","Sushant Lok, Gurgaon",4.2,249,159,https://www.zomato.com/restaurant?tab=order&res_id=18872697
259,Chinese Panda,Chinese,"Sector 29, Gurgaon",4.5,972,776,https://www.zomato.com/restaurant?tab=order&res_id=4133
260,Namaste Asia,"Asian, Chinese, Sushi, Thai, Vietnamese","MG Road, New Delhi",4.5,487,369,https://www.zomato.com/restaurant?tab=order&res_id=18745273
261,Oriental Fusion,"Asian, Chinese","Supermart 1, DLF Phase 4, Gurgaon",4.2,612,452,https://www.zomato.com/restaurant?tab=order&res_id=1216
262,Chopsuey,"Asian, Chinese, Sushi, Thai","DLF Phase 4, Gurgaon",4.3,73,70,https://www.zomato.com/restaurant?tab=order&res_id=19074478
263,Fork with Stick,"Chinese, Momos","DLF Galleria, DLF Phase 4, Gurgaon",4.1,525,426,https://www.zomato.com/restaurant?tab=order&res_id=311718
264,Dimsum & Co.,"Chinese, Momos","DLF Galleria, DLF Phase 4, Gurgaon",4.2,474,221,https://www.zomato.com/restaurant?tab=order&res_id=18247015
265,Bamboo Boat,"Asian, Thai, Chinese","DLF Phase 4, Gurgaon",4.2,695,506,https://www.zomato.com/restaurant?tab=order&res_id=18281982
266,Culinaire,"Asian, Momos, Chinese, Thai","DLF Galleria, DLF Phase 4, Gurgaon",4.2,305,185,https://www.zomato.com/restaurant?tab=order&res_id=18566812
267,Wai Yu Mun Ching,"Chinese, Thai","Supermart 1, DLF Phase 4, Gurgaon",4.4,810,486,https://www.zomato.com/restaurant?tab=order&res_id=9290
268,Asian Haus,"Chinese, Thai, Asian, Malaysian, Vietnamese, Japanese","DLF Phase 1, Gurgaon",4.1,681,449,https://www.zomato.com/restaurant?tab=order&res_id=307627
269,Me Kong Bowl,"Chinese, Thai, Asian, Sushi, PokÃÂ©, Momos","Sushant Shopping Arcade, Sushant Lok, Gurgaon, Gurgaon",4.2,659,311,https://www.zomato.com/restaurant?tab=order&res_id=18420454
270,Big Wong XL,"Chinese, Thai, Sushi, PokÃÂ©, Asian","Cross Point Mall, DLF Phase 4, Gurgaon",4.2,457,302,https://www.zomato.com/restaurant?tab=order&res_id=18233573
271,Side Wok,"Asian, Chinese, Japanese, Thai","Golf Course Road, Gurgaon",4.2,670,385,https://www.zomato.com/restaurant?tab=order&res_id=307580
272,Asia Seven,"Chinese, Japanese, Thai, Seafood, Momos","Ambience Mall, DLF Phase 3, Gurgaon",4.2,1803,1298,https://www.zomato.com/restaurant?tab=order&res_id=2128
273,Mamagoto,"Asian, Thai, Chinese, Salad, Momos","Ambience Mall, DLF Phase 3, Gurgaon",4.3,360,243,https://www.zomato.com/restaurant?tab=order&res_id=18605452
274,Wok A Noodle,"Asian, Chinese, Thai","Qutab Plaza, DLF Phase 1, Gurgaon",4.2,113,72,https://www.zomato.com/restaurant?tab=order&res_id=18669061
275,The Wok Story,Chinese,"Sector 50, Gurgaon",0.0,0,0,https://www.zomato.com/restaurant?tab=order&res_id=19219737
276,Asia Kitchen By Mainland China,"Asian, Chinese","Ambience Mall, DLF Phase 3, Gurgaon",4.3,413,277,https://www.zomato.com/restaurant?tab=order&res_id=18888152
277,TCK By The China Kitchen,Chinese,"Cyber Hub, DLF Cyber City, Gurgaon",4.4,395,285,https://www.zomato.com/restaurant?tab=order&res_id=18885376
278,Indian Wok,"Chinese, Thai, Momos","DLF Galleria, DLF Phase 4, Gurgaon",3.9,754,584,https://www.zomato.com/restaurant?tab=order&res_id=18611476
279,China Bowl,"Chinese, Thai, Japanese","Qutab Plaza, DLF Phase 1, Gurgaon",3.9,492,238,https://www.zomato.com/restaurant?tab=order&res_id=376
280,Berco's,"Chinese, Thai, Asian","Central Plaza Mall, Golf Course Road, Gurgaon",3.9,1921,1390,https://www.zomato.com/restaurant?tab=order&res_id=830
281,The Ladakhi Kitchen,"Tibetan, Momos, Chinese","Supermart 1, DLF Phase 4, Gurgaon",3.9,524,327,https://www.zomato.com/restaurant?tab=order&res_id=18161583
282,The Noodle Company,"Asian, Chinese, Momos","Supermart 1, DLF Phase 4, Gurgaon",4.0,420,332,https://www.zomato.com/restaurant?tab=order&res_id=18523740
283,Yo! China,Chinese,"Huda City Centre Metro Station, Sector 29, Gurgaon, Gurgaon",3.8,199,75,https://www.zomato.com/restaurant?tab=order&res_id=18430868
284,Chinese By Isabella,"Chinese, Momos","Cyber Greens, DLF Cyber City, Gurgaon",3.6,84,39,https://www.zomato.com/restaurant?tab=order&res_id=306151
285,Momotails,"Chinese, Momos","PVR City Centre Mall, MG Road, Gurgaon",4.0,124,78,https://www.zomato.com/restaurant?tab=order&res_id=18871434
286,Live Wok,"Asian, Chinese, Thai","Unitech Infospace, Sector 21, Gurgaon, Gurgaon",4.0,260,188,https://www.zomato.com/restaurant?tab=order&res_id=18349911
287,Sum Yum Asia,"Thai, Chinese, Asian, Momos","Supermart 1, DLF Phase 4, Gurgaon",3.7,136,90,https://www.zomato.com/restaurant?tab=order&res_id=309638
288,Wok Me,"Chinese, Asian","DLF Galleria, DLF Phase 4, Gurgaon",4.0,238,135,https://www.zomato.com/restaurant?tab=order&res_id=18745166
289,Asian Studio By Nagai,"Asian, Sushi, Japanese, Chinese, Thai","Sushant Lok, Gurgaon",3.8,26,22,https://www.zomato.com/restaurant?tab=order&res_id=19082183
290,Drifters Wok,"Chinese, Thai","Global Foyer, Palam Vihar, Gurgaon",3.9,120,66,https://www.zomato.com/restaurant?tab=order&res_id=18458649
291,Chinese & Thai Express,"Chinese, Thai","Cyber Greens, DLF Cyber City, Gurgaon",3.7,168,90,https://www.zomato.com/restaurant?tab=order&res_id=543
292,PAN BANGKOK,"Thai, Chinese","MGF Metropolitan Mall, MG Road, Gurgaon",3.7,114,80,https://www.zomato.com/restaurant?tab=order&res_id=311758
293,Nooba,"Asian, Chinese, Momos","DLF Cyber City, Gurgaon",4.0,878,431,https://www.zomato.com/restaurant?tab=order&res_id=278
294,Mike's Noodle House,"Chinese, Thai, Momos","DLF Phase 4, Gurgaon",3.9,66,69,https://www.zomato.com/restaurant?tab=order&res_id=19168184
295,Auntie Fung's - Asian Street Food,"Asian, Thai, Malaysian, Chinese, Beverages","DLF Galleria, DLF Phase 4, Gurgaon",4.0,430,308,https://www.zomato.com/restaurant?tab=order&res_id=18589526
296,China Chowk,"Chinese, Momos","DLF Phase 1, Gurgaon",4.0,0,0,https://www.zomato.com/restaurant?tab=order&res_id=19213025
297,Orange Chopsticks,"Chinese, Thai, Asian, Momos","Unitech Infospace, Sector 21, Gurgaon, Gurgaon",3.8,331,194,https://www.zomato.com/restaurant?tab=order&res_id=300652
298,Club East,"Chinese, Thai","Sushant Lok, Gurgaon",3.6,16,12,https://www.zomato.com/restaurant?tab=order&res_id=19165871
299,Chini Bowl,"Chinese, Thai, Japanese, Tibetan","MG Road, Gurgaon",3.7,70,39,https://www.zomato.com/restaurant?tab=order&res_id=18430882
300,WOW! Momo,"Chinese, Momos","Cyber Hub, DLF Cyber City, Gurgaon",3.7,227,163,https://www.zomato.com/restaurant?tab=order&res_id=18350123
301,Awesum Dimsum,"Chinese, Momos","DLF Phase 3, Gurgaon",3.6,54,38,https://www.zomato.com/restaurant?tab=order&res_id=19115756
302,Nanoko,"Chinese, Thai, Momos","DLF Phase 4, Gurgaon",0.0,0,0,https://www.zomato.com/restaurant?tab=order&res_id=19237628
303,Dragonn,Chinese,"Palam Vihar, Gurgaon",3.5,114,29,https://www.zomato.com/restaurant?tab=order&res_id=18651824
304,Kingdom Of Momos,"Chinese, Momos","DLF Phase 3, Gurgaon",3.5,55,51,https://www.zomato.com/restaurant?tab=order&res_id=19195629
305,Tasty Bites Restaurant,Chinese,"Sector 22, Gurgaon",3.1,4,3,https://www.zomato.com/restaurant?tab=order&res_id=19201620
306,Sikkim Downtown Chinese Fastfood,Chinese,"MG Road, Gurgaon",3.5,33,18,https://www.zomato.com/restaurant?tab=order&res_id=18902478
307,Noodle The Chinese Cuisine,Chinese,"DLF Phase 3, Gurgaon",3.2,17,12,https://www.zomato.com/restaurant?tab=order&res_id=18574753
308,Momo World,"Tibetan, Chinese","Golf Course Road, Gurgaon",3.3,13,3,https://www.zomato.com/restaurant?tab=order&res_id=18783947
309,Fruit Ras,"Beverages, Juices","DLF Phase 4, Gurgaon",4.2,106,99,https://www.zomato.com/restaurant?tab=order&res_id=19167360
310,Health Nuts,"Healthy Food, Continental, Mexican, Fast Food, Sandwich, Beverages, Juices, Salad","DLF Phase 4, Gurgaon",4.0,788,662,https://www.zomato.com/restaurant?tab=order&res_id=18359290
311,Caterspoint,"Healthy Food, Salad, Sandwich, Fast Food, Desserts, Beverages","DLF Phase 3, Gurgaon",4.6,2547,1820,https://www.zomato.com/restaurant?tab=order&res_id=18384115
312,Dhaba 29,"North Indian, Kebab, Beverages","Sector 29, Gurgaon",4.7,597,478,https://www.zomato.com/restaurant?tab=order&res_id=18632129
313,Ice Pice,"Beverages, Ice Cream","MGF Metropolis Mall, MG Road, Gurgaon",4.7,967,749,https://www.zomato.com/restaurant?tab=order&res_id=18618545
314,eat.fit,"Healthy Food, North Indian, Biryani, Continental, Beverages","MG Road, Gurgaon",4.1,1041,593,https://www.zomato.com/restaurant?tab=order&res_id=18687573
315,India Kitchen,"North Indian, Biryani, Continental, Kebab, Beverages","DLF Phase 4, Gurgaon",4.1,1089,328,https://www.zomato.com/restaurant?tab=order&res_id=18678007
316,Lockup,"North Indian, Chinese, Biryani, Continental, Italian, Beverages, Desserts","Sector 22, Gurgaon",4.3,1324,1035,https://www.zomato.com/restaurant?tab=order&res_id=18440147
317,Wat-a-Burger!,"Burger, Fast Food, Beverages, Sandwich, Wraps","Sector 31, Gurgaon",4.2,245,162,https://www.zomato.com/restaurant?tab=order&res_id=18907680
318,Tossin Pizza,"Pizza, Fast Food, Italian, Desserts, Beverages","Sector 22, Gurgaon",4.2,727,588,https://www.zomato.com/restaurant?tab=order&res_id=18238242
319,Burgerama,"American, Burger, Beverages","Sushant Shopping Arcade, Sushant Lok, Gurgaon, Gurgaon",4.5,519,323,https://www.zomato.com/restaurant?tab=order&res_id=18747550
320,Rollfie,"Rolls, Fast Food, Beverages","DLF Phase 3, Gurgaon",4.4,143,151,https://www.zomato.com/restaurant?tab=order&res_id=19198534
321,PUL,"Fast Food, Burger, American, Beverages","DLF Phase 4, Gurgaon",4.4,450,377,https://www.zomato.com/restaurant?tab=order&res_id=18682680
322,The Belgian Fries Company,"Burger, Fast Food, Beverages, Desserts, Belgian","MGF Metropolitan Mall, MG Road, Gurgaon",4.3,615,458,https://www.zomato.com/restaurant?tab=order&res_id=18381233
323,The Egg Company,"American, Continental, Fast Food, Beverages","Sushant Lok, Gurgaon",4.1,146,105,https://www.zomato.com/restaurant?tab=order&res_id=18757860
324,Chaayos,"Cafe, Beverages, Tea, Fast Food, Desserts","Cyber Greens, DLF Cyber City, Gurgaon",4.1,175,105,https://www.zomato.com/restaurant?tab=order&res_id=18261680
325,Wrap It Up!,"Mexican, Lebanese, Beverages, Wraps, Healthy Food","Central Plaza Mall, Golf Course Road, Gurgaon",4.4,161,124,https://www.zomato.com/restaurant?tab=order&res_id=19046508
326,Wicked Wiches,"Italian, Salad, Beverages","DLF Phase 2, Gurgaon",4.4,633,409,https://www.zomato.com/restaurant?tab=order&res_id=18671243
327,Tandoor Express,"Mughlai, North Indian, Chinese, Desserts, Beverages","Supermart 1, DLF Phase 4, Gurgaon",4.1,738,603,https://www.zomato.com/restaurant?tab=order&res_id=18403465
328,Mad Chef,"Burger, American, Sandwich, Fast Food, Beverages","Sushant Shopping Arcade, Sushant Lok, Gurgaon, Gurgaon",4.5,211,130,https://www.zomato.com/restaurant?tab=order&res_id=18877816
329,IHOP,"Cafe, American, Desserts, Beverages","Cyber Hub, DLF Cyber City, Gurgaon",4.2,2237,1465,https://www.zomato.com/restaurant?tab=order&res_id=18415341
330,People's Cafe,"Cafe, Healthy Food, Sandwich, North Indian, Wraps, Salad, Street Food, Beverages","Supermart 1, DLF Phase 4, Gurgaon",4.2,114,85,https://www.zomato.com/restaurant?tab=order&res_id=19039792
331,Crepe-fe,"Fast Food, Desserts, Ice Cream, Beverages","Golf Course Road, Gurgaon",4.4,994,405,https://www.zomato.com/restaurant?tab=order&res_id=18549208
332,The Chai Story,"Beverages, Fast Food","Take Eat Easy, Central Plaza - Golf Course Road, Gurgaon",4.2,171,118,https://www.zomato.com/restaurant?tab=order&res_id=18649552
333,Shake It,Beverages,"DLF Phase 3, Gurgaon",4.3,150,141,https://www.zomato.com/restaurant?tab=order&res_id=18973209
334,Karate Kitchen,"Chinese, Asian, Thai, Momos, Salad, Beverages","MG Road, New Delhi",4.1,293,205,https://www.zomato.com/restaurant?tab=order&res_id=18345743
335,Mogli's Coffee,"Cafe, Continental, Sandwich, Italian, Beverages","PVR City Centre Mall, MG Road, Gurgaon",4.1,292,191,https://www.zomato.com/restaurant?tab=order&res_id=18276997
336,Foxtrot,"North Indian, Continental, Italian, European, Modern Indian, Beverages","DLF Cyber City, Gurgaon",4.2,143,114,https://www.zomato.com/restaurant?tab=order&res_id=19096564
337,Shake It Baby,"Beverages, Fast Food","DLF Phase 3, Gurgaon",4.1,74,46,https://www.zomato.com/restaurant?tab=order&res_id=19098775
338,Burger Singh - Big Punjabi Burgers,"Burger, Fast Food, Beverages, Desserts","Sushant Lok, Gurgaon",4.0,794,562,https://www.zomato.com/restaurant?tab=order&res_id=313208
339,Chai Point,"Beverages, Tea, Fast Food","Huda City Centre Metro Station, Sector 29, Gurgaon, Gurgaon",3.8,315,208,https://www.zomato.com/restaurant?tab=order&res_id=308917
340,The Burger Club,"Burger, Fast Food, Beverages","Sushant Lok, Gurgaon",4.0,287,137,https://www.zomato.com/restaurant?tab=order&res_id=18874331
341,Adraq,"North Indian, Mughlai, Beverages","Sector 29, Gurgaon",3.8,60,46,https://www.zomato.com/restaurant?tab=order&res_id=19042058
342,Mitraao 2.0,"North Indian, Mughlai, Chinese, Beverages","Golf Course Road, Gurgaon",4.0,367,230,https://www.zomato.com/restaurant?tab=order&res_id=18571270
343,Mad Over Donuts,"Desserts, Beverages","MG Road, Gurgaon",3.6,10,6,https://www.zomato.com/restaurant?tab=order&res_id=19155944
344,Shree Om Food Plaza,"North Indian, Chinese, Fast Food, Beverages","DLF Phase 3, Gurgaon",3.9,222,50,https://www.zomato.com/restaurant?tab=order&res_id=18350132
345,The Belgian Waffle Co.,"Desserts, Beverages","DLF Galleria, DLF Phase 4, Gurgaon",3.9,258,158,https://www.zomato.com/restaurant?tab=order&res_id=18641159
346,The Millionaire Pizza & Pasta,"Pizza, Italian, Salad, Beverages, Desserts","DLF Phase 4, Gurgaon",3.7,539,444,https://www.zomato.com/restaurant?tab=order&res_id=18451588
347,Mojo Pizza - 2X Toppings,"Pizza, Italian, Desserts, Beverages","DLF Phase 3, Gurgaon",4.0,33,19,https://www.zomato.com/restaurant?tab=order&res_id=19042896
348,Cafe Coffee Day,"Beverages, Cafe, Sandwich, Fast Food, Desserts","Huda City Centre Metro Station, Sector 29, Gurgaon, Gurgaon",3.6,52,37,https://www.zomato.com/restaurant?tab=order&res_id=18371397
349,Wafflesome,"Desserts, Beverages","DLF Galleria, DLF Phase 4, Gurgaon",0.0,0,0,https://www.zomato.com/restaurant?tab=order&res_id=19209399
350,Samossay,"Street Food, Beverages","Supermart 1, DLF Phase 4, Gurgaon",3.8,30,20,https://www.zomato.com/restaurant?tab=order&res_id=19169071
351,The Cake Story,"Bakery, Desserts","Baani Square, Sector 50, Gurgaon",4.1,1043,671,https://www.zomato.com/restaurant?tab=order&res_id=18279492
352,Cake For You,"Bakery, Desserts","DLF Phase 4, Gurgaon",3.9,104,112,https://www.zomato.com/restaurant?tab=order&res_id=18812998
353,Sweet Truth,"Bakery, Desserts","Sector 23, Gurgaon",3.6,27,12,https://www.zomato.com/restaurant?tab=order&res_id=18551639
354,L'OpÃÂ©ra,"Bakery, Desserts, Beverages","DLF Galleria, DLF Phase 4, Gurgaon",3.9,256,129,https://www.zomato.com/restaurant?tab=order&res_id=7418
355,Bread Talk,"Bakery, Desserts","DLF Cyber City, Gurgaon",0.0,0,0,https://www.zomato.com/restaurant?tab=order&res_id=19215080
356,The Desserts Factory,"Bakery, Desserts, Beverages","Qutab Plaza, DLF Phase 1, Gurgaon",3.9,151,87,https://www.zomato.com/restaurant?tab=order&res_id=18555106
357,Choko La,"Bakery, Desserts","DLF Phase 4, Gurgaon",3.6,19,11,https://www.zomato.com/restaurant?tab=order&res_id=18625488
358,Suchali's Artisan Bake House,"Bakery, Desserts","DLF Cyber City, Gurgaon",3.9,123,59,https://www.zomato.com/restaurant?tab=order&res_id=18634142
359,Baker's Dozen,"Bakery, Desserts","DLF Phase 3, Gurgaon",3.7,98,78,https://www.zomato.com/restaurant?tab=order&res_id=310881
360,Fuchsia Bakery & Patisserie,"Bakery, Desserts","Sector 50, Gurgaon",3.7,48,50,https://www.zomato.com/restaurant?tab=order&res_id=19196699
361,Cake4You,"Bakery, Desserts","DLF Phase 4, Gurgaon",0.0,0,0,https://www.zomato.com/restaurant?tab=order&res_id=19211307
362,Bakers Oven Xpress,"Bakery, Desserts","DLF Cyber City, Gurgaon",3.6,23,17,https://www.zomato.com/restaurant?tab=order&res_id=18534071
363,The Sugar Factory,"Bakery, Desserts","Sector 21, Gurgaon",3.8,135,78,https://www.zomato.com/restaurant?tab=order&res_id=18671614
364,Sugarama Patisserie,"Bakery, Desserts","DLF Phase 4, Gurgaon",3.5,20,10,https://www.zomato.com/restaurant?tab=order&res_id=18999093
365,Cake Room,"Bakery, Desserts","Sector 22, Gurgaon",3.2,14,4,https://www.zomato.com/restaurant?tab=order&res_id=18649499
366,24Hourcake,"Bakery, Desserts","DLF Phase 3, Gurgaon",3.1,7,3,https://www.zomato.com/restaurant?tab=order&res_id=18816002
367,Cake Me Away,"Bakery, Desserts","DLF Phase 3, Gurgaon",0.0,0,0,https://www.zomato.com/restaurant?tab=order&res_id=19241648
368,For Heaven's Cake!,"Bakery, Desserts","Sohna Road, Gurgaon",3.1,4,4,https://www.zomato.com/restaurant?tab=order&res_id=19186289
369,Glaz'd Patisserie,"Bakery, Desserts","Sikandarpur, Gurgaon",3.4,15,9,https://www.zomato.com/restaurant?tab=order&res_id=18789323
370,Baker Street,"Bakery, Desserts","Ambience Mall, DLF Phase 3, Gurgaon",3.5,65,44,https://www.zomato.com/restaurant?tab=order&res_id=2255
371,Chocolat Shokunin,"Bakery, Desserts","DLF Phase 1, Gurgaon",3.1,5,0,https://www.zomato.com/restaurant?tab=order&res_id=19118126
372,Giani's,"Desserts, Ice Cream, Beverages","Supermart 1, DLF Phase 4, Gurgaon",4.1,330,181,https://www.zomato.com/restaurant?tab=order&res_id=308274
373,Keventers - The Original Milkshake,"Beverages, Desserts, Ice Cream","DLF Galleria, DLF Phase 4, Gurgaon",4.1,129,85,https://www.zomato.com/restaurant?tab=order&res_id=18409192
374,Azote,"Bakery, Desserts, Ice Cream, Sandwich","Udyog Vihar, Gurgaon",4.3,125,107,https://www.zomato.com/restaurant?tab=order&res_id=18958839
375,GoPure Natural Icecream,"Ice Cream, Desserts","Sector 22, Gurgaon",4.1,215,170,https://www.zomato.com/restaurant?tab=order&res_id=18790314
376,Havmor Ice Cream,"Desserts, Beverages, Ice Cream","Sushant Lok, Gurgaon",3.8,73,31,https://www.zomato.com/restaurant?tab=order&res_id=18704207
377,Cold Stone Creamery,"Ice Cream, Desserts","Cyber Hub, DLF Cyber City, Gurgaon",4.0,127,96,https://www.zomato.com/restaurant?tab=order&res_id=18759914
378,Giani,"Desserts, Beverages, Ice Cream","Supermart 1, DLF Phase 4, Gurgaon",4.0,394,259,https://www.zomato.com/restaurant?tab=order&res_id=3538
379,Baskin Robbins,"Ice Cream, Desserts, Beverages","PVR City Centre Mall, MG Road, Gurgaon",3.7,31,16,https://www.zomato.com/restaurant?tab=order&res_id=7040
380,Kings Kulfi,"Desserts, Ice Cream","Cyber Hub, DLF Cyber City, Gurgaon",4.0,414,260,https://www.zomato.com/restaurant?tab=order&res_id=306122
381,PiccoLicko,"Ice Cream, Desserts","Mega Mall, DLF Phase 1, Gurgaon",3.9,86,45,https://www.zomato.com/restaurant?tab=order&res_id=18539085
382,Emoi,"Desserts, Ice Cream","Cyber Hub, DLF Cyber City, Gurgaon",4.0,196,149,https://www.zomato.com/restaurant?tab=order&res_id=18522073
383,INDULGE by InnerChef,"Bakery, Desserts, Ice Cream","Udyog Vihar, Gurgaon",3.4,78,45,https://www.zomato.com/restaurant?tab=order&res_id=18639136
384,KB's Ice Cream & Kulfis,"Ice Cream, Desserts","Sector 14, Gurgaon",3.5,39,21,https://www.zomato.com/restaurant?tab=order&res_id=302907
385,Gelato Vinto,"Desserts, Ice Cream","MGF Metropolitan Mall, MG Road, Gurgaon",3.3,12,8,https://www.zomato.com/restaurant?tab=order&res_id=294
386,The Cake Story,"Bakery, Desserts","Baani Square, Sector 50, Gurgaon",4.1,1043,435,https://www.zomato.com/restaurant?tab=order&res_id=18279492
387,Cakesisland.com,"Bakery, Desserts","Udyog Vihar, Gurgaon",4.3,304,179,https://www.zomato.com/restaurant?tab=order&res_id=304643
388,Waffle Fever,Desserts,"Sector 43, Gurgaon",4.1,213,173,https://www.zomato.com/restaurant?tab=order&res_id=18689473
389,Beyond Breads,"Bakery, Desserts","Sector 39, Gurgaon",4.3,183,118,https://www.zomato.com/restaurant?tab=order&res_id=18161569
390,All'Bout Sandwiches,"Sandwich, Desserts, Beverages","DLF Phase 3, Gurgaon",4.1,101,84,https://www.zomato.com/restaurant?tab=order&res_id=19089752
391,Maple Street Bakery,"Bakery, Desserts","DLF Phase 4, Gurgaon",4.2,53,46,https://www.zomato.com/restaurant?tab=order&res_id=18814404
392,Oh So Stoned,"Desserts, Juices","Cyber Hub, DLF Cyber City, Gurgaon",4.3,618,438,https://www.zomato.com/restaurant?tab=order&res_id=18531120
393,Decadenz,"Bakery, Desserts","DLF Phase 4, Gurgaon",4.4,371,272,https://www.zomato.com/restaurant?tab=order&res_id=18479287
394,Shugaa,"Bakery, Desserts","Sushant Shopping Arcade, Sushant Lok, Gurgaon, Gurgaon",4.4,329,234,https://www.zomato.com/restaurant?tab=order&res_id=18128861
395,Jarfull,"Desserts, Beverages","Sushant Lok, Gurgaon",4.1,195,117,https://www.zomato.com/restaurant?tab=order&res_id=18363405
396,Bakes N Berries,"Bakery, Desserts","Sushant Shopping Arcade, Sushant Lok, Gurgaon, Gurgaon",4.2,54,45,https://www.zomato.com/restaurant?tab=order&res_id=18806658
397,Tipsy Treats By Decadenz,"Desserts, Bakery","DLF Phase 4, Gurgaon",4.1,23,22,https://www.zomato.com/restaurant?tab=order&res_id=18925367
398,Cuisino,"North Indian, Biryani, Mughlai","DLF Phase 3, Gurgaon",4.7,429,337,https://www.zomato.com/restaurant?tab=order&res_id=18866605
399,Al - Rasheed,"North Indian, Rolls, Biryani","DLF Phase 4, Gurgaon",4.1,192,128,https://www.zomato.com/restaurant?tab=order&res_id=18786339
400,Pasandah.In,"North Indian, Mughlai, Rolls, Biryani","Sushant Lok, Gurgaon",4.1,200,172,https://www.zomato.com/restaurant?tab=order&res_id=19114608
401,Butter Kitchen,"North Indian, Mughlai, Biryani","Shopping Mall, DLF Phase 1, Gurgaon",4.3,299,148,https://www.zomato.com/restaurant?tab=order&res_id=18813096
402,Kaiser,"North Indian, Mughlai, Biryani, Rolls, Kebab","Supermart 2, DLF Phase 4, Gurgaon",4.1,1010,750,https://www.zomato.com/restaurant?tab=order&res_id=18361762
403,Jaipurwala - Pure Veg Thali,"North Indian, Biryani","Sector 14, Gurgaon",4.1,241,114,https://www.zomato.com/restaurant?tab=order&res_id=18709143
404,Biryaniya,"Biryani, North Indian, Mughlai","DLF Phase 4, Gurgaon",4.3,76,61,https://www.zomato.com/restaurant?tab=order&res_id=18577225
405,Biryani Queen,"Biryani, North Indian, Kebab","Palam Vihar, Gurgaon",4.2,27,24,https://www.zomato.com/restaurant?tab=order&res_id=18576401
406,Biryanika,"Biryani, North Indian","Sushant Lok, Gurgaon",4.1,135,91,https://www.zomato.com/restaurant?tab=order&res_id=18677525
407,Biryani Aroma,"Biryani, North Indian","Sector 29, Gurgaon",4.2,100,92,https://www.zomato.com/restaurant?tab=order&res_id=18997820
408,Sirf Biryani,"Biryani, Mughlai","Sector 29, Gurgaon",4.2,33,32,https://www.zomato.com/restaurant?tab=order&res_id=19156083
409,Shahi Muradabadi Chicken Biryani,"North Indian, Biryani","DLF Cyber City, Gurgaon",3.8,139,48,https://www.zomato.com/restaurant?tab=order&res_id=18534635
410,Biryani Blues,"Biryani, Hyderabadi","Sector 22, Gurgaon",4.0,857,641,https://www.zomato.com/restaurant?tab=order&res_id=310099
411,Behrouz Biryani,"Biryani, North Indian, Mughlai","Sector 23, Gurgaon",4.0,273,201,https://www.zomato.com/restaurant?tab=order&res_id=18365988
412,Biryani Chefs,"Biryani, North Indian","Sector 43, Gurgaon",4.0,87,77,https://www.zomato.com/restaurant?tab=order&res_id=18787931
413,BOX8 - Desi Meals,"North Indian, Biryani, Wraps","Sikandarpur, Gurgaon",4.0,678,181,https://www.zomato.com/restaurant?tab=order&res_id=18593838
414,O'Biryani,"Biryani, Hyderabadi, North Indian, Mughlai","Sector 29, Gurgaon",3.7,40,28,https://www.zomato.com/restaurant?tab=order&res_id=19042063
415,Kolkata Biryani House,"North Indian, Biryani, Rolls","Sector 43, Gurgaon",3.7,559,236,https://www.zomato.com/restaurant?tab=order&res_id=307575
416,A-one Muradabadi Chicken Corner,Biryani,"DLF Cyber City, Gurgaon",3.6,26,1,https://www.zomato.com/restaurant?tab=order&res_id=18472455
417,All India Bawarchis,"North Indian, Biryani, Rolls","DLF Phase 4, Gurgaon",3.9,56,45,https://www.zomato.com/restaurant?tab=order&res_id=19185147
418,Paradise Biryani,"Biryani, North Indian","MG Road, Gurgaon",3.8,42,23,https://www.zomato.com/restaurant?tab=order&res_id=18961437
419,The White Biryani,"Biryani, North Indian","Udyog Vihar, Gurgaon",3.8,29,24,https://www.zomato.com/restaurant?tab=order&res_id=19045172
420,Rumi's Kitchen,"Biryani, Lucknowi","DLF Phase 4, Gurgaon",3.8,227,148,https://www.zomato.com/restaurant?tab=order&res_id=307185
421,Irfan Qashmi Biryani Corner,Biryani,"DLF Phase 3, Gurgaon",3.6,65,9,https://www.zomato.com/restaurant?tab=order&res_id=18726278
422,Deseez,"North Indian, Mughlai, Biryani","Baani Square, Sector 50, Gurgaon",3.8,272,95,https://www.zomato.com/restaurant?tab=order&res_id=18576731
423,Lite Bite Biryani,Biryani,"Udyog Vihar, Gurgaon",3.6,126,55,https://www.zomato.com/restaurant?tab=order&res_id=18821851
424,Viva Hyderabad,"Hyderabadi, Biryani","MGF Metropolis Mall, MG Road, Gurgaon",3.8,101,65,https://www.zomato.com/restaurant?tab=order&res_id=329
425,Deez Biryani,"Biryani, Mughlai, Kebab, Rolls","Sector 29, Gurgaon",3.6,0,0,https://www.zomato.com/restaurant?tab=order&res_id=19249457
426,Shama Chicken Biryani Corner,"Biryani, North Indian","DLF Cyber City, Gurgaon",3.5,29,11,https://www.zomato.com/restaurant?tab=order&res_id=18967617
427,Hammad Chicken Biryani Corner,"Biryani, Mughlai","DLF Phase 3, Gurgaon",3.2,9,2,https://www.zomato.com/restaurant?tab=order&res_id=18767191
428,La Pino'z Pizza,"Pizza, Italian","Golf Course Road, Gurgaon",4.1,1089,778,https://www.zomato.com/restaurant?tab=order&res_id=311662
429,PizzaExpress,"Italian, Pizza, Salad","Ambience Mall, DLF Phase 3, Gurgaon",4.5,2822,1709,https://www.zomato.com/restaurant?tab=order&res_id=310188
430,Jamie's Pizzeria By Jamie Oliver,"Pizza, Italian","Ambience Mall, DLF Phase 3, Gurgaon",4.1,2792,1981,https://www.zomato.com/restaurant?tab=order&res_id=18146377
431,Italiano,"Italian, European, Pizza, Beverages","Cyber Hub, DLF Cyber City, Gurgaon",4.1,1551,901,https://www.zomato.com/restaurant?tab=order&res_id=306128
432,Fat Lulu's Pizza,"Pizza, Italian, Salad, Burger, Beverages","DLF Galleria, DLF Phase 4, Gurgaon",4.0,889,498,https://www.zomato.com/restaurant?tab=order&res_id=301124
433,Chicago Pizza,"Pizza, Italian","DLF Phase 3, Gurgaon",3.8,99,81,https://www.zomato.com/restaurant?tab=order&res_id=19059949
434,Sage,"Pizza, Italian","MGF Metropolitan Mall, MG Road, Gurgaon",3.8,306,201,https://www.zomato.com/restaurant?tab=order&res_id=338
435,Pop Culture Pizza Co.,"Pizza, Italian","Udyog Vihar, Gurgaon",3.9,94,58,https://www.zomato.com/restaurant?tab=order&res_id=307142
436,Wicked Wiches,"Italian, Salad, Beverages","DLF Phase 2, Gurgaon",4.4,633,408,https://www.zomato.com/restaurant?tab=order&res_id=18671243
437,Cafe Maple Street,"Italian, Continental, Sandwich","DLF Phase 4, Gurgaon",4.3,37,30,https://www.zomato.com/restaurant?tab=order&res_id=18522828
438,Cicchetti By Mr Beans,"European, Italian, Continental, Bar Food","DLF Cyber City, Gurgaon",4.2,316,219,https://www.zomato.com/restaurant?tab=order&res_id=18930857
439,The Burgers Nation,"Burger, Italian","DLF Phase 3, Gurgaon",3.6,249,83,https://www.zomato.com/restaurant?tab=order&res_id=18609201
440,Raasta,"Continental, Italian, Salad","Cyber Hub, DLF Cyber City, Gurgaon",4.0,2785,1186,https://www.zomato.com/restaurant?tab=order&res_id=307309
441,Soulmate,"Italian, Continental, Beverages","South Point Mall, Golf Course Road, Gurgaon",3.9,78,50,https://www.zomato.com/restaurant?tab=order&res_id=18558685
442,Tilismi Burger,"Burger, Sandwich, Italian, Beverages","Sushant Lok, Gurgaon",2.9,7,6,https://www.zomato.com/restaurant?tab=order&res_id=19010449
443,WanderCrust Pizzas,"Pizza, Italian","MG Road, Gurgaon",0.0,0,0,https://www.zomato.com/restaurant?tab=order&res_id=19187727
444,Delhi Foodie,Italian,"DLF Cyber City, Gurgaon",0.0,0,0,https://www.zomato.com/restaurant?tab=order&res_id=19228168
445,Pizza Factory,"Pizza, Fast Food","DLF Phase 3, Gurgaon",4.2,312,263,https://www.zomato.com/restaurant?tab=order&res_id=18862969
446,Pizza Central,"Fast Food, Pizza","DLF Phase 4, Gurgaon",4.2,548,354,https://www.zomato.com/restaurant?tab=order&res_id=18025098
447,Tony's Italian Pizza,Pizza,"Sushant Lok, Gurgaon",4.1,53,43,https://www.zomato.com/restaurant?tab=order&res_id=19143754
448,Tiny Tuscan,"Cafe, Italian, Panini, Pizza, Desserts","DLF Galleria, DLF Phase 4, Gurgaon",4.1,339,226,https://www.zomato.com/restaurant?tab=order&res_id=18562918
449,Baking Bad,"Italian, Pizza, Fast Food","Sector 50, Gurgaon",4.2,327,234,https://www.zomato.com/restaurant?tab=order&res_id=18877924
450,Pizza Pizza,"Pizza, Fast Food","Sushant Lok, Gurgaon",4.0,65,62,https://www.zomato.com/restaurant?tab=order&res_id=19018439
451,It's Pizza Town,"Pizza, Fast Food","DLF Phase 4, Gurgaon",3.6,35,13,https://www.zomato.com/restaurant?tab=order&res_id=18742048
452,NYC.PIE PIZZA,"Italian, Pizza, Beverages, Fast Food","DLF Galleria, DLF Phase 4, Gurgaon",4.0,391,291,https://www.zomato.com/restaurant?tab=order&res_id=18456763
453,Chicago Delights,"Pizza, Fast Food","Sector 22, Gurgaon",3.6,123,46,https://www.zomato.com/restaurant?tab=order&res_id=18436039
454,Salads Point,"Salad, Healthy Food, Beverages, Juices","DLF Phase 3, Gurgaon",4.6,352,263,https://www.zomato.com/restaurant?tab=order&res_id=18663177
455,NutrioBox,"Continental, Sandwich, Salad, Healthy Food","DLF Phase 2, Gurgaon",4.5,732,556,https://www.zomato.com/restaurant?tab=order&res_id=18557583
456,Salad Diets,"Salad, Healthy Food, Italian","South City 2, Gurgaon",4.4,352,268,https://www.zomato.com/restaurant?tab=order&res_id=18560800
457,Salad Days,"Healthy Food, Salad, Juices","Udyog Vihar, Gurgaon",4.4,1379,896,https://www.zomato.com/restaurant?tab=order&res_id=307300
458,Burgrill,"Burger, Wraps, Sandwich, Salad, Healthy Food, Beverages, Fast Food, American","DLF Phase 4, Gurgaon",4.1,316,199,https://www.zomato.com/restaurant?tab=order&res_id=18709750
459,Crudo Juicery,"Juices, Beverages, Healthy Food, Salad, Sandwich","MG Road, Gurgaon",4.5,191,153,https://www.zomato.com/restaurant?tab=order&res_id=18384142
460,Salad Company,"Healthy Food, Salad, Juices, Sandwich","DLF Phase 4, Gurgaon",4.1,357,253,https://www.zomato.com/restaurant?tab=order&res_id=18466416
461,Subway,"Wraps, Healthy Food, Sandwich, Salad","Sushant Shopping Arcade, Sushant Lok, Gurgaon, Gurgaon",3.8,258,136,https://www.zomato.com/restaurant?tab=order&res_id=305919
462,The Fit Food,"Salad, Healthy Food, Fast Food, Italian, Beverages","Sikandarpur, Gurgaon",3.7,21,16,https://www.zomato.com/restaurant?tab=order&res_id=19003821
463,Fresh Salad Co.,"Healthy Food, Salad, Sandwich, Juices","DLF Phase 4, Gurgaon",3.7,29,11,https://www.zomato.com/restaurant?tab=order&res_id=18663134
464,Signature Salads And More,"Healthy Food, Salad, Wraps, Rolls, Beverages","One Horizon Center, Golf Course Road, Gurgaon",3.9,19,19,https://www.zomato.com/restaurant?tab=order&res_id=19036221
465,PIP- Plants In Plate,"Beverages, Salad, Burger, Healthy Food, Italian, American, Continental","Udyog Vihar, Gurgaon",0.0,0,0,https://www.zomato.com/restaurant?tab=order&res_id=19219532
466,Fresh Fit Co.,"Beverages, Healthy Food, Salad","Sushant Shopping Arcade, Sushant Lok, Gurgaon, Gurgaon",0.0,0,0,https://www.zomato.com/restaurant?tab=order&res_id=19211252
467,Munch On Health,"Healthy Food, Salad","Sushant Lok, Gurgaon",3.2,0,0,https://www.zomato.com/restaurant?tab=order&res_id=19213190
468,Calorie Meter,"Healthy Food, Sandwich, Salad, Beverages","Sector 22, Gurgaon",3.5,69,43,https://www.zomato.com/restaurant?tab=order&res_id=18630975
469,Go Fuudy,"Healthy Food, Fast Food, Beverages","Sector 23, Gurgaon",4.5,277,235,https://www.zomato.com/restaurant?tab=order&res_id=18700949
470,FRSH.com,"Healthy Food, Sandwich","DLF Phase 4, Gurgaon",4.3,1080,728,https://www.zomato.com/restaurant?tab=order&res_id=309720
471,Getafix,"American, Italian, Healthy Food, Beverages","Huda City Centre Metro Station, Sector 29, Gurgaon, Gurgaon",4.2,891,439,https://www.zomato.com/restaurant?tab=order&res_id=18575144
472,Zoe,"Juices, Beverages, Healthy Food","Sector 21, Gurgaon",4.4,242,167,https://www.zomato.com/restaurant?tab=order&res_id=18265384
473,Nutriphy,Healthy Food,"Udyog Vihar, Gurgaon",4.2,260,168,https://www.zomato.com/restaurant?tab=order&res_id=19035801
474,Eggers Madhouse,"Fast Food, Healthy Food","Sushant Lok, Gurgaon",4.0,932,600,https://www.zomato.com/restaurant?tab=order&res_id=308447
475,Healtholic,"Healthy Food, Fast Food","Sushant Lok, Gurgaon",4.0,75,58,https://www.zomato.com/restaurant?tab=order&res_id=18487958
476,Fruit Inbox,"Healthy Food, Italian, Beverages","Sector 17, Gurgaon",3.7,28,15,https://www.zomato.com/restaurant?tab=order&res_id=18714750
477,The Fruit Hut,Healthy Food,"Sikandarpur, Gurgaon",3.7,42,21,https://www.zomato.com/restaurant?tab=order&res_id=19050162
